{
	"cameras": [{
		"id": "0",
		"idType": "INDEX",

		"position": {
          "x": 0.0,
          "y": 0.0,
          "z": 0.0
        },

		"rotation": {
          "rho": 0.0,
          "phi": 0.0,
          "theta": 0.0
        },

		"lensParameters": {
          "focalLengthX": 1.5846518571058948e+03,
          "focalLengthY": 1.5801992722728837e+03,
          "centerX": 6.3845522602201186e+02,
          "centerY": 3.9488506925963071e+02
        },

		"distortionCoefficients": {
          "k1": -5.1535647254738998e-02,
          "k2": 2.2160514135822753e+00,
          "p1": 2.6784311491437206e-03,
          "p2": -3.8766728822345743e-03,
          "k3": 0.0
        }
	}]
}
